{"cameraMode":{"drawMode":0,"name":"Shaded","section":"Shading Mode"},"sceneLighting":true,"audioPlay":false,"sceneViewState":{"m_AlwaysRefresh":false,"showFog":true,"showSkybox":true,"showFlares":true,"showImageEffects":true,"showParticleSystems":true,"showVisualEffectGraphs":true,"m_FxEnabled":true},"in2DMode":false,"pivot":{"x":0.904123067855835,"y":4.733852863311768,"z":38.46062469482422},"rotation":{"x":-0.015517574734985829,"y":0.017707208171486856,"z":0.00037068946403451264,"w":0.9997506141662598},"size":22.799612045288087,"orthographic":false}