{"cameraMode":{"drawMode":0,"name":"Shaded","section":"Shading Mode"},"sceneLighting":false,"audioPlay":false,"sceneViewState":{"m_AlwaysRefresh":false,"showFog":true,"showSkybox":false,"showFlares":true,"showImageEffects":true,"showParticleSystems":true,"showVisualEffectGraphs":true,"m_FxEnabled":true},"in2DMode":false,"pivot":{"x":0.15632832050323487,"y":1.3814804553985596,"z":1.3285247087478638},"rotation":{"x":0.019047722220420839,"y":-0.9612506031990051,"z":0.26635679602622988,"w":0.06876938045024872},"size":0.4636809825897217,"orthographic":false}