{"cameraMode":{"drawMode":0,"name":"Shaded","section":"Shading Mode"},"sceneLighting":false,"audioPlay":false,"sceneViewState":{"m_AlwaysRefresh":false,"showFog":true,"showSkybox":false,"showFlares":true,"showImageEffects":true,"showParticleSystems":true,"showVisualEffectGraphs":true,"m_FxEnabled":true},"in2DMode":false,"pivot":{"x":0.09954788535833359,"y":1.2443766593933106,"z":0.37397974729537966},"rotation":{"x":-0.008682005107402802,"y":-0.965527355670929,"z":0.2582070827484131,"w":-0.03243471682071686},"size":0.4636809825897217,"orthographic":false}